TeraSort,WordCount,BumbleBeeGraphConstruction,BumbleBeeGraphSimplification
SuperMikeII,1,1,1,1
SwatIII,0.765432099,0.793650794,0.713701068,0.964783715
CeresII,0.37037037,0.349206349,0.498220641,0.695877863